<?xml version="1.0" encoding="UTF-8"?>
<!DOCTYPE sqlMap PUBLIC '-//ibatis.apache.org//DTD Sql Map 2.0//EN' 
'http://ibatis.apache.org/dtd/sql-map-2.dtd'>
<sqlMap namespace="analymember">

	<typeAlias alias="listVO" type="com.kh.torront.vo.ListVO" />
	<typeAlias alias="analyMDVO" type="com.kh.torront.vo.AnalyMDetailVO" />
	<resultMap class="com.kh.torront.vo.MemberInfoVO" id="reMemberInfoVO">
		<result property="indate" column="mdate" />
		<result property="intime" column="mslintime" />
		<result property="email" column="memail" />
		<result property="nic" column="mnic" />
		<result property="gender" column="mgender" />
		<result property="state" column="state" />
		<result property="reportCnt" column="cnt" />
	</resultMap>
	<resultMap class="com.kh.torront.vo.AnalyMDetailVO" id="reAnalyMDetailVO">
		<result property="indate" column="mslindate" />
		<result property="intime" column="mslintime" />
		<result property="omsg" column="mslomsg" />
	</resultMap>
	<resultMap class="com.kh.torront.vo.AnalyTorronVO" id="reAnalyTorronVO">
		<result property="no" column="tno" />
		<result property="cate" column="catename" />
		<result property="sub" column="tsub" />
		<result property="tdate" column="tdate" />
		<result property="odate" column="tfinish" />
		<result property="ing" column="ting" />
	</resultMap>
	<resultMap class="com.kh.torront.vo.AnalyTorronVoteVO" id="reAnalyTorronVoteVO">
		<result property="no" column="tno" />
		<result property="allCnt" column="allCnt" />
		<result property="voteCnt" column="voteCnt" />
		<result property="reportCnt" column="reportCnt" />
	</resultMap>
	<resultMap class="com.kh.torront.vo.RoomDetailVO" id="reRoomDetailVO">
		<result property="tno" column="tno" />
		<result property="tsub" column="tsub" />
		<result property="tdate" column="tdate" />
		<result property="tfinish" column="tfinish" />
		<result property="tcon" column="tcon" />
		<result property="memail" column="memail" />
	</resultMap>
	<resultMap class="com.kh.torront.vo.RoomDatHistoryVO" id="reRoomDatHistoryVO">
		<result property="tdatno" column="tdatno" />
		<result property="tdatcon" column="tdatcon" />
		<result property="tdate" column="tdate" />
		<result property="memail" column="memail" />
		<result property="mnic" column="mnic" />
	</resultMap>
	<resultMap class="com.kh.torront.vo.RoomscrapVO" id="reRoomscrapVO">
		<result property="sno" column="sno" />
		<result property="surl" column="surl" />
	</resultMap>

	<!-- <select id="sel-member" resultMap="reMemberInfoVO"> SELECT m.mdate, 
		msl.mslintime, m.memail, m.mnic, m.mgender, NVL2(msl.mslodate, '탈퇴', '가입') 
		state FROM member m, membersignuplog msl WHERE m.mno = msl.mno </select> -->

	<select id="sel-memberAll" resultMap="reMemberInfoVO">
		SELECT mdate, mslintime,
		memail, mnic, mgender, state, b.mno, NVL(c,0) cnt
		FROM
			(SELECT m.mdate, msl.mslintime , m.memail, m.mnic, m.mgender, NVL2(msl.mslodate, '탈퇴', '가입') state , m.mno
			 FROM member m, membersignuplog msl
			 WHERE m.mno = msl.mno) b 
			 LEFT JOIN (SELECT mno,count(*) c FROM (SELECT tr.mno FROM torronreport t LEFT JOIN torron tr on t.tno = tr.tno
			 UNION ALL
			 SELECT td.mno FROM tdatreport ta LEFT JOIN datgle td on ta.tdatno = td.tdatno) 
			group by mno)
		a ON b.mno = a.mno
	</select>
	<select id="sel-memberDetail" parameterClass="analyMDVO"
		resultMap="reAnalyMDetailVO">
		SELECT msl.mslindate, msl.mslintime, msl.mslomsg
		FROM
		member m, membersignuplog msl
		WHERE m.mno = msl.mno AND m.memail = #email# AND msl.mslodate IS NULL
	</select>
	<select id="sel-torronList" parameterClass="analyMDVO"
		resultMap="reAnalyTorronVO">
		SELECT a.tno, c.catename, a.tsub, a.tdate, a.tfinish, a.ting
		FROM
			(SELECT t.tno, t.cateno, t.tsub, t.tdate, t.tfinish, t.ting
			 FROM torron t, member m
			 WHERE t.mno = m.mno AND m.memail = #email#) a
		LEFT JOIN category c 
		ON a.cateno = c.cateno
	</select>
	<select id="sel-torronVoteList" parameterClass="analyMDVO"
		resultMap="reAnalyTorronVoteVO">
		SELECT a.tno, c.catename, a.tsub, a.tdate, a.tfinish, a.ting
		FROM
			(SELECT t.tno, t.cateno, t.tsub, t.tdate, t.tfinish, t.ting
			 FROM torron t, member m
			 WHERE t.mno = m.mno AND m.memail = #email#) a
		LEFT JOIN category c
		ON a.cateno = c.cateno
	</select>
	<select id="sel-roomdetail" parameterClass="listVO" resultMap="reRoomDetailVO">
	 SELECT t.tno, t.tsub, t.tdate, t.tfinish, t.tcon, m.memail 
	 FROM torron t, member m 
	 WHERE t.mno = m.mno AND t.tno = #tno#
	</select>
	<select id="sel-roomdathistory" parameterClass="listVO" resultMap="reRoomDatHistoryVO">
	 SELECT a.tdatno, a.tdatcon, a.tdate, b.memail, b.mnic 
	 FROM (SELECT d.tdatno, d.tdatcon, t.tdate, d.mno
		 	FROM torron t, datgle d
		 	WHERE t.tno = d.tno AND t.tno = #tno#) a
	 LEFT JOIN member b ON a.mno = b.mno
	</select>
	<select id="sel-roomscrap" parameterClass="listVO" resultMap="reRoomscrapVO">
		SELECT s.sno, s.surl 
		FROM tscrap ts, scrap s
		WHERE ts.sno = s.sno AND ts.tno = #tno#
	</select>

</sqlMap>