<?xml version="1.0" encoding="UTF-8"?>
<!DOCTYPE sqlMap PUBLIC '-//ibatis.apache.org//DTD Sql Map 2.0//EN' 
'http://ibatis.apache.org/dtd/sql-map-2.dtd'>
<sqlMap namespace="member">
	<typeAlias alias="memberVO" type="com.kh.torront.vo.MemVO" />
	<resultMap id="contentlistVO" class="com.kh.torront.vo.ContentlistVO" >
		<result property="tno" column="tno" />
		<result property="mno" column="mno" />
		<result property="tsub" column="tsub" />
		<result property="tcon" column="tcon" />
		<result property="tdate" column="tdate" />
		<result property="tfinish" column="tfinish" />
		<result property="tcnt" column="tcnt" />
		<result property="ting" column="ting" />
		<result property="cateno" column="cateno" />
		<result property="tsingocnt" column="tsingocnt" />
	</resultMap>
<!-- 	<insert id = "insert" parameterClass = "memberVO"> -->
<!-- 		insert into memberVO2  -->
<!-- 		(id,pw) -->
<!-- 		values( -->
<!-- 		#id# -->
<!-- 		) -->
<!-- 	</insert> -->

	<resultMap class="com.kh.torront.vo.MemVO" id="rememberVO">
		  	<result property="mno" column="mno"/>
		  	<result property="memail" column="memail"/>
		  	<result property="mname" column="mname"/>
		  	<result property="mnic" column="mnic"/>
		  	<result property="mgender" column="mgender"/>
	</resultMap>
	
	<select id="idchk" parameterClass="memberVO" resultClass="String">
		select memail from member where memail = #memail#
	</select>
	<select id="nickchk" parameterClass="memberVO" resultClass="String">
		select mnic from member where mnic = #mnic#
	</select>
	<select id="namechk" parameterClass="memberVO" resultClass="String">
		select mname from member where memail = #memail# and mname = #mname# 
	</select>
		<select id="pwresult" parameterClass="memberVO" resultClass="String">
		select mpw from member where memail = #memail# and mname = #mname# 
	</select>
	<select id="login" parameterClass="memberVO" resultMap="rememberVO" >
		select * from member where memail = #memail# and mpw = #mpw#
	</select>
	<select id="confirmuser" parameterClass="memberVO" resultMap="rememberVO" >
		select * from member where memail = #memail# and mpw = #mpw#
	</select>
	<select id="findpw" parameterClass="memberVO" resultClass="String">
		SELECT mpw FROM member WHERE memail = #memail# AND mname = #mname#
	</select>
	<select id="contentlist" parameterClass="memberVO" resultMap="contentlistVO">
		SELECT 
		a.tno, a.mno, a.tsub, a.tcon, a.tdate, a.tfinish, 
		a.tcnt, a.cateno, a.ting, a.tsingocnt
		 FROM torron a, member b WHERE a.mno = b.mno AND b.mno = #mno#
	</select>
	
	<update id="update" parameterClass="memberVO"  >
		update member set mpw = #mpw# , mnic = #mnic# where mno = #mno#
	</update>
	<update id="updateNic" parameterClass="memberVO"  >
		update member set mnic = #mnic# where mno = #mno#
	</update>
	
	<delete id="userout" parameterClass="memberVO">
		delete member where memail = #memail#
	</delete>
	<insert id = "signup" parameterClass="memberVO">
		insert into member (mno,memail,mpw,mname,mnic,mdate,mgender) 
		values(
		member_no_seq.nextval,
		#memail#,
		#mpw#,
		#mname#,
		#mnic#,
		sysdate,
		#mgender#
		)
	</insert>
	<!-- 회원탈퇴시 정보 저장  -->
	<insert id = "useroutstate" parameterClass="memberVO" >
		insert into signupstate
		(memail,mpw,mname,mnic,mdate,mgender,mfbuse,otype,omsg)
		values(
		memail,
		mpw,
		mname,
		mnic,
		sysdate,
		mgender,
		mfbuse,
		#otype#,
		#omsg#
		)
	</insert>
		
</sqlMap>

