<?xml version="1.0" encoding="UTF-8"?>
<!DOCTYPE sqlMap PUBLIC '-//ibatis.apache.org//DTD Sql Map 2.0//EN' 
'http://ibatis.apache.org/dtd/sql-map-2.dtd'>
<sqlMap namespace="report">
	
	<typeAlias alias="memberVO" type="com.kh.torront.vo.MemVO"/>
	
	<resultMap class="com.kh.torront.vo.ReportRoom" id="reRoomVO">
		<result property="tno" column="tno"/>
		<result property="tsubject" column="tsub"/>
		<result property="date" column="trdate"/>
		<result property="ting" column="ting"/>
	</resultMap>
	<resultMap class="com.kh.torront.vo.ReportDatgle" id="reDatgleVO">
		<result property="tno" column="tno"/>
		<result property="date" column="tdatrdate"/>
		<result property="tdatcon" column="tdatcon"/>
		<result property="tsub" column="tsub"/>
	</resultMap>
	<resultMap class="com.kh.torront.vo.MemVO" id="reMemVO">
		<result property="mnic" column="mnic"/>
		<result property="mgender" column="mgender"/>
	</resultMap>
	
	<select id="room" resultMap="reRoomVO" parameterClass="memberVO" >
		SELECT t.tno, t.tsub, tr.trdate, t.ting FROM torronreport tr, torron t
		WHERE tr.tno = t.tno AND t.mno = #mno#
	</select>
	<select id="datgle" resultMap="reDatgleVO" parameterClass="memberVO">
		SELECT dat.tno, dat.tdatcon, tdr.tdatrdate, t.tsub 
		FROM tdatreport tdr, datgle dat , torron t 
		WHERE tdr.tdatno = dat.tdatno AND t.tno = dat.tno AND dat.mno = #mno#
	</select>
	<select id="blacklist" resultMap="reMemVO" parameterClass="memberVO">
		SELECT m.mnic, m.mgender 
		FROM blacklist b, member m
		WHERE b.bmno = m.mno AND b.mno = #mno# 
	</select>
	
	
</sqlMap>