<?xml version="1.0" encoding="UTF-8"?>
<!DOCTYPE sqlMap PUBLIC '-//ibatis.apache.org//DTD Sql Map 2.0//EN' 'http://ibatis.apache.org/dtd/sql-map-2.dtd'>
<sqlMap namespace="torron">
	<typeAlias alias="listVO" type="com.kh.torront.vo.ListVO" />
	<typeAlias alias="datgleVO" type="com.kh.torront.vo.DatgleVO" />
	
	<resultMap class="com.kh.torront.vo.ListVO" id="relistVO">
		<result property="memail" column="memail"/>
	</resultMap>
	
	<select id="select" resultClass="listVO">
		select m.mnic,t.tno,m.memail,t.ting,t.tsub,t.tdate from torron t,member m
		where t.mno = m.mno order by t.tno
	</select>
	
	<insert id="insert" parameterClass="listVO">
		insert into torron
		(tno,mno,tsub,tcon,tdate,tfinish,cateno,ting)
		values(torron_no_seq.nextval,1,#tsub#,#tcon#,sysdate,#tfinish#,#cateno#,'진행중')
	</insert>
	
	<select id="boardno" resultClass="listVO" parameterClass="listVO">
		select tsub,tcon,TFINISH,ting from torron where tno = #tno#
	</select>
	
	<select id="dateno" resultClass="datgleVO" parameterClass="listVO">
		select tdate,TDATUSER,TDATCON,TDATCNT,TDATNO from tdatgle where tno = #tno#
	</select>
	
	<insert id="datglelist" parameterClass="listVO">
		insert into tdatgle (TDATNO,TNO,TDATUSER,TDATCON,TDATE)
		values(tdatgle_no_seq.nextval,#tno#,'asd@asd',#tcon#,sysdate)
	</insert>
	
	
	
</sqlMap>