<?xml version="1.0" encoding="UTF-8"?>
<beans xmlns="http://www.springframework.org/schema/beans"
	xmlns:context="http://www.springframework.org/schema/context"
	xmlns:aop="http://www.spiringframework.org/schema/aop"
	xmlns:p="http://www.springframework.org/schema/p"
	xmlns:xsi="http://www.w3.org/2001/XMLSchema-instance"
	xsi:schemaLocation="http://www.springframework.org/schema/beans
	http://www.springframework.org/schema/beans/spring-beans.xsd
	http://www.springframework.org/schema/context
	http://www.springframework.org/schema/context/spring-context-3.0.xsd"
	>
	
	<context:component-scan base-package="com.kh.torront.controller"></context:component-scan>
	
	<bean id="analyAccVO" class="com.kh.torront.vo.AnalyAccessVO">
	</bean>
	<bean id="searchDateVO" class="com.kh.torront.vo.SearchDateVO">
	</bean>
	<bean id="analyMDetailVO" class="com.kh.torront.vo.AnalyMDetailVO">
	</bean>
	<bean id="uDate" class="com.kh.torront.util.UDate">
	</bean>
	
</beans>
