<?xml version="1.0" encoding="UTF-8"?>
<beans xmlns="http://www.springframework.org/schema/beans"
	xmlns:context="http://www.springframework.org/schema/context" xmlns:p="http://www.springframework.org/schema/p"
	xmlns:xsi="http://www.w3.org/2001/XMLSchema-instance" xmlns:aop="http://www.springframework.org/schema/aop"
	xsi:schemaLocation="http://www.springframework.org/schema/beans
	http://www.springframework.org/schema/beans/spring-beans.xsd
	http://www.springframework.org/schema/context
	http://www.springframework.org/schema/context/spring-context-3.0.xsd
	http://www.springframework.org/schema/aop
 	http://www.springframework.org/schema/aop/spring-aop-3.0.xsd">

	<!-- AOP -->
	<bean id="aopTest" class="com.kh.torront.aop.AdminAOP"></bean>

	<aop:config>
		<aop:pointcut id="publicmethod"
			expression="execution(public * com.kh.torront.controller..*(..))" />
		<aop:aspect id="aopAspect" ref="aopTest">
			<aop:before pointcut-ref="publicmethod" method="beforeMethod" />
		</aop:aspect>
	</aop:config>
	
</beans>