<?xml version="1.0" encoding="UTF-8"?>
<!DOCTYPE sqlMapConfig PUBLIC "-//ibatis.apache.org//DTD SQL Map Config 2.0//EN"
	"http://ibatis.apache.org/dtd/sql-map-config-2.dtd">
<sqlMapConfig>

	<settings useStatementNamespaces="true" />
	<sqlMap resource="/com/kh/torront/sql/siteMapSQL.xml" />
	<!-- person -->
	<sqlMap resource="/com/kh/torront/sql/memberSQL.xml" />
	<sqlMap resource="/com/kh/torront/sql/member-insertSQL.xml" />
	<sqlMap resource="/com/kh/torront/sql/member-updateSQL.xml" />
	<!-- room -->
	<sqlMap resource="/com/kh/torront/sql/torron.xml" />
	<sqlMap resource="/com/kh/torront/sql/report-selectSQL.xml" />
	<!-- analytic -->
	<sqlMap resource="/com/kh/torront/sql/analymember-selectSQL.xml" />
</sqlMapConfig>

