<?xml version="1.0" encoding="UTF-8"?>
<beans xmlns="http://www.springframework.org/schema/beans"
	xmlns:context="http://www.springframework.org/schema/context"
	xmlns:p="http://www.springframework.org/schema/p"
	xmlns:xsi="http://www.w3.org/2001/XMLSchema-instance"
	xsi:schemaLocation="http://www.springframework.org/schema/beans
	http://www.springframework.org/schema/beans/spring-beans.xsd
	http://www.springframework.org/schema/context
	http://www.springframework.org/schema/context/spring-context-3.0.xsd"
	>
	
<!-- 	<context:component-scan base-package="com.kh.torront.controller" /> -->
	<!-- <bean id="comm" class="com.kh.torront.CommController"></bean> -->
<!-- 	<bean id="cpVO" class="com.kh.torront.vo.CategoryPathVO" ></bean> -->
	
	<bean id="viewResolver" class="org.springframework.web.servlet.view.InternalResourceViewResolver">
		<property name="prefix" value="view/"></property>
		<property name="order" value="0" />
	</bean>
	
	<bean id="multipartResolver" class="org.springframework.web.multipart.commons.CommonsMultipartResolver">
		<property name="maxUploadSize" value="-1" />		
		<property name="defaultEncoding" value="UTF-8" />		
	</bean>
	
</beans>