<?xml version="1.0" encoding="UTF-8"?>

<beans xmlns="http://www.springframework.org/schema/beans"
	xmlns:context="http://www.springframework.org/schema/context"
	xmlns:aop="http://www.spiringframework.org/schema/aop"
	xmlns:p="http://www.springframework.org/schema/p"
	xmlns:xsi="http://www.w3.org/2001/XMLSchema-instance"
	xsi:schemaLocation="http://www.springframework.org/schema/beans
	http://www.springframework.org/schema/beans/spring-beans.xsd
	http://www.springframework.org/schema/context
	http://www.springframework.org/schema/context/spring-context-3.0.xsd
	http://www.springframework.org/schema/aop
	http://www.springframework.org/schema/aop/spring-aop-3.0.xsd"
	>
	
	

	<context:component-scan base-package="com.kh.torront.controller" /> 
	<!-- <bean id="tcont" class="com.kh.torront.controller.TorronCont">
	</bean> -->
	<!-- 	위에 처럼  쓰려면 porperty로 값을 넣어줘야함. -->
	<bean id="lvo" class="com.kh.torront.vo.ListVO">
	</bean>
	
	
	<bean id="sqlMapClient" class="org.springframework.orm.ibatis.SqlMapClientFactoryBean">
		<property name="configLocation" value="/WEB-INF/sqlMapConfig.xml"></property>
	</bean>
	
	<bean id="sqlMapClientTemplate" class="org.springframework.orm.ibatis.SqlMapClientTemplate">
		<property name="sqlMapClient" ref="sqlMapClient"></property>
		<property name="dataSource" ref="dataSource"></property>
	</bean>
	
	<bean id="dataSource" class="org.apache.tomcat.dbcp.dbcp.BasicDataSource"
		  destroy-method="close"
		  p:driverClassName="oracle.jdbc.driver.OracleDriver"
		  p:url="jdbc:oracle:thin:@khmaster.iptime.org:7000:orcl"
		  p:username="project1"
		  p:password="project1">
	</bean>
	
	
</beans>