<?xml version="1.0" encoding="UTF-8"?>
<!DOCTYPE sqlMap PUBLIC '-//ibatis.apache.org//DTD Sql Map 2.0//EN' 'http://ibatis.apache.org/dtd/sql-map-2.dtd'>
<sqlMap namespace="torron">
	<typeAlias alias="listVO" type="com.kh.torront.vo.ListVO" />
	
	<resultMap class="com.kh.torront.vo.ListVO" id="relistVO">
		<result property="memail" column="memail"/>
	</resultMap>
	
	<select id="select" resultClass="listVO">
		select m.mnic,t.tno,t.memail,t.ting,t.tsub,t.tdate from torron t,member m
		where t.memail = m.memail order by t.tno
	</select>
	
	<insert id="insert" parameterClass="listVO">
		insert into torron
		(tno,memail,tsub,tcon,tdate,tfinish,cateno,ting)
		values(torron_no_seq.nextval,'asd@asd',#tsub#,#tcon#,sysdate,#tfinish#,#cateno#,'진행중')
	</insert>
	
</sqlMap>