<?xml version="1.0" encoding="UTF-8"?>
<!DOCTYPE sqlMap PUBLIC '-//ibatis.apache.org//DTD Sql Map 2.0//EN' 'http://ibatis.apache.org/dtd/sql-map-2.dtd'>
<sqlMap namespace="torron">
	<typeAlias alias="listVO" type="com.kh.torront.vo.ListVO" />
	<typeAlias alias="datgleVO" type="com.kh.torront.vo.DatgleVO" />
	
	<resultMap class="com.kh.torront.vo.ListVO" id="relistVO">
		<result property="memail" column="memail"/>
	</resultMap>
	
	<select id="select" resultClass="listVO">
		select m.mnic,t.tno,m.memail,t.ting,t.tsub,t.tdate from torron t,member m 
		where t.mno = m.mno order by t.tno desc
	</select>
	
	<insert id="insert" parameterClass="listVO">
		insert into torron
		(tno,mno,tsub,tcon,tdate,tfinish,cateno,ting,ttimer)
		values(torron_no_seq.nextval,1,#tsub#,#tcon#,sysdate,#tfinish#,#cateno#,'진행중',#ttimer#)
	</insert>
	
	<select id="boardno" resultClass="listVO" parameterClass="listVO">
		select t.tsub,t.tcon,t.TFINISH,t.ting,t.ttimer,m.mnic from torron t ,member m where tno = #tno# and m.mno=t.mno
	</select>
	
	<select id="dateno" resultClass="datgleVO" parameterClass="listVO">
	select d.tdate,d.mno,d.TDATCON,d.TDATCNT,d.TDATNO,m.mnic from datgle d,member m where tno = #tno# and m.mno=d.mno order by tdatno;
	</select>
	
	<insert id="datglelist" parameterClass="listVO">
		insert into datgle (TDATNO,TNO,mno,TDATCON,TDATE)
		values(tdatgle_no_seq.nextval,#tno#,1,#tcon#,sysdate)
	</insert>
	
	<select id="datcon" resultClass="datgleVO" parameterClass="datgleVO">
		select d.mno,d.TDATCON,m.mnic,d.tdatno from datgle d,member m where tno = #tno# and m.mno = d.mno order by tdatno
	</select>
	
	<delete id="datdelete" parameterClass="datgleVO">
		delete datgle where tdatno = #tdatno#
	</delete>
	
	<select id="sboard" parameterClass="listVO" resultClass="String">
		select ting from torron where tno = #tno#
	</select>
	
	<update id="updateting" parameterClass="listVO"> 
		update torron set ting = '마감' where tno = #tno#
	</update>
<!-- 정호	-->
	<select id="pagecnt" resultClass="String">
		select count(tno) from torron
	</select>
	
</sqlMap>